data_location,chamber,meas_ID,RsolA,RsolB,Ra,Ca,Rb,Cb,Rs,meas_idx,rail_threshold,Va_rail,Eout_rail,vpipette_gain_adjust,predicted_TER,manually_validated,circuitValuesKnown,fs,fpass,resnormbest,n_freqs,RsolAg,RsolBg,Rag,Cag,Rbg,Cbg,Rsg,taua,taub,tauMEMabs,TERabs,TECabs,simVSmeasured,rsme_simVSmeasured,rsme_simVSmeasured_threshold,RsolAg_sim,RsolBg_sim,Rag_sim,Cag_sim,Rbg_sim,Cbg_sim,Rsg_sim,taua_sim,taub_sim,tauMEMabs_sim,TERabs_sim,TECabs_sim,resnormbest_sim,total_guesses,Rblank_min,Rblank_max,R_min,R_max,C_min,C_max,cross_section,dRsolA,dRsolB,dRa,dCa,dRb,dCb,dRs,dRsolA_sim,dRsolB_sim,dRa_sim,dCa_sim,dRb_sim,dCb_sim,dRs_sim
Miller HDD,model,20221108_171100,0.4,98.7,9837,9.2e-08,98.9,1.01e-06,1000.9,2,90,1,0,10,1008.400921,0,1,20100,NaN,0.527051169975538,111,6.66803594473238e-10,105.586972165905,2392.93701884124,1.01677984456693e-07,156.729718623854,4.8572150469981e-07,1398.21667007086,0.000243309013007584,7.61269947611563e-05,8.64037851721185e-05,903.012112425566,8.40776754437902e-08,1,2.78937083512805,12,2.43139131780088e-09,121.481956391336,2157.56931725325,1.01933710777305e-07,136.608882315196,8.31782705678834e-07,1447.52701616988,0.000219929046766879,0.000113628905751895,0.000119958642237376,887.532483803113,9.08056196248887e-08,0.022425348703511,50,0,200,1,5000000,1e-13,0.001,1,-0.399999999333196,6.88697216590519,-7444.06298115876,9.67798445669251e-09,57.8297186238541,-5.2427849530019e-07,397.316670070862,-0.399999997568609,22.7819563913359,-7679.43068274676,9.93371077730485e-09,37.7088823151957,-1.78217294321166e-07,446.627016169881
Miller HDD,model,20221103_155412,0.4,98.7,988,9.2e-08,994,2.34e-06,1000.9,2,90,0,0,10,764.1520634,0,1,20100,NaN,0.126820885521275,111,2.872975624388e-11,145.268097297977,820.593522050178,1.06738108460054e-07,849.214897209012,2.40311059215391e-06,991.416053111514,8.75886003582097e-05,0.00204075731449787,0.00104743379924943,622.072617196239,1.02198781529772e-07,1,2.41646836714299,12,2.15528271781661e-09,146.608190599594,794.423377506198,1.07149163656612e-07,827.224883895225,2.3714859923611e-06,1007.64426349256,8.51218004890498e-05,0.00196175222469006,0.00100445746372115,621.47690016717,1.0251720189151e-07,0.199558567391894,50,0,200,1,5000000,1e-13,0.001,1,-0.39999999997127,46.5680972979767,-167.406477949822,1.47381084600542e-08,-144.785102790988,6.31105921539052e-08,-9.48394688848555,-0.399999997844717,47.9081905995938,-193.576622493802,1.51491636566117e-08,-166.775116104775,3.14859923610999e-08,6.74426349255771
Miller HDD,model,20221204_134244,99.2,0.28,988,2.35e-06,994,1.01e-06,100.3,1,90,0,0,1,194.9487605,0,1,20100,NaN,0.113727838060277,111,91.1162540481347,21.5448350471129,10122.9793883706,2.29869665600941e-07,3161.89784519784,2.75059611884733e-07,81.4323335652864,0.00232696588688997,0.000869710394119293,0.00121654784857853,80.9362186940438,1.25221221710722e-07,0,21.0157025492565,12,102.772097426991,8.53124944622859e-12,7729.0616649661,1.07637482762579e-06,2497.25786581623,2.623411900958e-06,93.1387569111252,0.00831936741733701,0.00655133600494326,0.0069830876569741,92.2981286729845,7.63226299199686e-07,0.300844755558523,50,0,200,1,5000000,1e-13,0.001,1,-8.08374595186525,21.2648350471129,9134.97938837061,-2.12013033439906e-06,2167.89784519784,-7.34940388115267e-07,-18.8676664347136,3.57209742699139,-0.279999999991469,6741.0616649661,-1.27362517237421e-06,1503.25786581623,1.613411900958e-06,-7.16124308887483
Miller HDD,model,20221121_172558,99.2,0.28,99.2,9.2e-08,9790,9.2e-08,100.3,1,90,0,0,1,198.7729336,0,1,20100,NaN,0.0808483149086019,111,119.797883433971,2.21898447421442e-10,83.6526894528971,1.48837166466401e-07,191.53869922201,2.78503543621093e-07,111.811889420793,1.2450629265463e-05,5.33442064739046e-05,2.48814605182425e-05,79.5075154698412,9.69991327878132e-08,1,1.48631202279318,12,144.665498567857,5.09371373522152e-14,27.0164300533794,3.37096726213283e-06,168.550760033129,3.16089180550282e-07,74.939485815676,9.10715012496435e-05,5.32770716199992e-05,8.58504283076792e-05,54.1787171004942,2.88991040987157e-07,0.00410001054530055,50,0,200,1,5000000,1e-13,0.001,1,20.5978834339711,-0.279999999778102,-15.5473105471029,5.68371664664012e-08,-9598.46130077799,1.86503543621093e-07,11.5118894207927,45.4654985678571,-0.279999999999949,-72.1835699466206,3.27896726213283e-06,-9621.44923996687,2.24089180550282e-07,-25.360514184324
Miller HDD,model,20221020_162243,0.4,0.28,9837,1.07e-06,98.9,9.2e-08,1000.9,2,90,0,0,10,909.9809207,0,1,20100,NaN,0.366003105414771,111,7.66113173489412e-10,98.2724127901389,35200.9606302132,1.2951993929223e-06,737984.649390333,0.000999999999999949,831.726361790514,0.045592262838534,737.984649390295,33.6418767264746,830.832623745665,1.29352402139506e-06,1,3.64928156115075,12,0.420227124841455,0.17950225027005,9569.44593131825,1.07042148945992e-06,98.971748429762,9.18118987914641e-08,1003.79464123813,0.0102433405671079,9.08678415004755e-06,0.000113850771839049,909.380882265497,8.45591173407639e-08,1.16108382303391e-05,50,0,200,1,5000000,1e-13,0.001,1,-0.399999999233887,97.9924127901389,25363.9606302132,2.25199392922301e-07,737885.749390332,0.000999907999999949,-169.173638209486,0.0202271248414552,-0.10049774972995,-267.554068681753,4.21489459921898e-10,0.0717484297620103,-1.88101208535935e-10,2.89464123813434
Miller HDD,model,20221018_170034,0.35,0.28,99.2,2.35e-06,994,2.34e-06,10029,3,90,0,0,10,986.379474,0,1,20100,NaN,0.808260741546927,111,15.207433449465,35.7237980522707,94.5431982270046,3.36056464894676e-06,1017.160508273,2.52983978027735e-06,6487.52054490728,0.000317718529760038,0.00257325311675615,0.000509537134231191,949.070641576701,1.44331178533681e-06,1,2.2661490023141,12,10.707580006463,7.6286942199499e-14,95.4144435904724,2.87149166464588e-06,1078.93952556826,2.33393806926699e-06,5825.41563458255,0.000273981779456866,0.00251817803316064,0.000456319253913874,977.33216373506,1.28747943095605e-06,0.0884796039304938,50,0,200,1,5000000,1e-13,0.001,1,14.857433449465,35.4437980522707,-4.65680177299537,1.01056464894676e-06,23.1605082729973,1.89839780277347e-07,-3541.47945509272,10.357580006463,-0.279999999999924,-3.78555640952762,5.21491664645876e-07,84.9395255682632,-6.06193073300792e-09,-4203.58436541745
Miller HDD,model,20221209_160624,99.2,98.7,99.2,9.2e-08,98.9,2.34e-06,100.3,1,90,0,0,1,264.4865617,0,1,20100,NaN,0.28181946786653,111,115.054519192644,104.327312001809,42.232536282242,2.98101406156184e-07,49.5344570549,4.24015883144257e-06,95.3556215015448,1.25895784512784e-05,0.000210033965542047,0.000103456424343253,46.7634480767322,2.78520235465251e-07,1,2.07418498765352,12,59.0142775464956,119.766328778996,117.303981052846,4.63314096469109e-08,55.8728866086941,3.29770647442958e-06,169.588665319759,5.43485879937289e-06,0.00018425237991456,0.000126559622124049,85.6819925723964,4.56894912254446e-08,0.000444684505090761,50,0,200,1,5000000,1e-13,0.001,1,15.8545191926436,5.62731200180939,-56.967463717758,2.06101406156184e-07,-49.3655429451,1.90015883144257e-06,-4.94437849845522,-40.1857224535044,21.0663287789961,18.1039810528462,-4.56685903530891e-08,-43.0271133913059,9.57706474429577e-07,69.2886653197592
Miller HDD,model,20221205_174712,99.2,0.28,9837,9.2e-08,9790,2.34e-06,100.3,1,90,0,0,1,199.2700422,0,1,20100,NaN,0.224987584963525,111,58.0770290641743,58.1281095958683,3434.69387695747,1.2302542743434e-07,1146.90573961478,7.57040400365265e-06,87.6856997753572,0.000422554682318802,0.00868253980299197,0.00661482871148451,86.0390276565695,1.21058131063979e-07,1,3.36523032844219,12,107.40636397033,1.49508717009214e-08,8809.22738688971,1.0905358934713e-07,2989.92769454675,5.21579363882481e-06,92.4978902045853,0.00096067786591536,0.0155948458497631,0.0118865206485463,91.7784057298279,1.06820157130226e-07,0.00249318304222867,50,0,200,1,5000000,1e-13,0.001,1,-41.1229709358257,57.8481095958683,-6402.30612304253,3.10254274343398e-08,-8643.09426038522,5.23040400365265e-06,-12.6143002246428,8.20636397032995,-0.279999985049128,-1027.77261311029,1.70535893471298e-08,-6800.07230545325,2.87579363882481e-06,-7.80210979541465
Miller HDD,model,20221204_152053,99.2,0.28,9837,9.2e-08,994,1.01e-06,1000.9,2,90,0,0,1,1015.710521,0,1,20100,NaN,0.051397475152716,111,1.29603303588769e-12,125.331995288274,11549.0190991658,9.40664226424969e-08,799.697547158073,1.60919056413554e-06,961.394467303038,0.0010863749116884,0.0012868657470491,0.00127388204729652,891.952573552458,8.88713804747879e-08,1,2.74664680943421,12,127.370735945177,4.2830927739074e-07,808.603150544451,9.3857357226409e-08,84.1211776075654,1.51420413916546e-06,3968345.95249657,7.58933547550503e-05,0.000127376635324849,0.00012252537939728,892.523544880724,8.83792063439386e-08,0.348363095071479,50,0,200,1,5000000,1e-13,0.001,1,-99.1999999999987,125.051995288274,1712.0190991658,2.06642264249692e-09,-194.302452841927,5.99190564135535e-07,-39.5055326969616,28.1707359451774,-0.279999571690723,-9028.39684945555,1.85735722640895e-09,-909.878822392435,5.04204139165462e-07,3967345.05249657
Miller HDD,model,20221108_171833,0.4,98.7,9837,9.2e-08,98.9,2.34e-06,100.3,1,90,1,0,10,198.3976196,0,1,20100,NaN,1.53772107381534,111,41.3058507544205,61.9338780512356,1950.86864051986,1.92457901181049e-07,1781.25755209723,2.00398575656732e-07,98.2319223141836,0.00037546008403438,0.000356961476318082,0.000365790434128545,95.7127034129732,9.81739936707014e-08,1,1.67254565135318,12,1.15822394747216e-09,103.663337274926,1176.44623152673,1.95092770305017e-07,1084.53653095083,1.99050231322945e-07,98.9059243028872,0.000229516154423446,0.000215877247363948,0.000222419487841739,94.7606517241393,9.85258165139341e-08,0.00120177155571961,50,0,200,1,5000000,1e-13,0.001,1,40.9058507544205,-36.7661219487644,-7886.13135948014,1.00457901181049e-07,1682.35755209723,-2.13960142434327e-06,-2.06807768581636,-0.399999998841776,4.96333727492618,-8660.55376847328,1.03092770305017e-07,985.636530950834,-2.14094976867705e-06,-1.39407569711277
Miller HDD,model,20221103_161759,0.4,98.7,988,9.2e-08,9790,2.34e-06,10029,3,90,0,0,10,5294.109468,0,1,20100,NaN,0.0486821055605263,111,41.5033593663592,102.249689583158,981.552766455439,1.16721862068093e-07,11134.5380810644,2.343715035658e-06,8975.89841592195,0.000114568666618767,0.0260961843156973,0.00221939992269632,5156.11871820542,1.11184636912173e-07,1,6.56184972850059,12,5.56943391989582,106.866252260247,1000.56821220953,1.00016051164507e-07,13511.7902290551,2.24123361015864e-06,8063.16418533994,0.000100072881505928,0.0302830783947713,0.00218106860578786,5183.29213298129,9.57434566369807e-08,0.0536577559997797,50,0,200,1,5000000,1e-13,0.001,1,41.1033593663592,3.54968958315796,-6.44723354456141,2.47218620680932e-08,1344.53808106444,3.71503565800195e-09,-1053.10158407805,5.16943391989582,8.16625226024719,12.5682122095343,8.01605116450666e-09,3721.79022905506,-9.8766389841358e-08,-1965.83581466006
Miller HDD,model,20221212_160133,99.2,98.7,99.2,1.07e-06,98.9,2.34e-06,10029,3,90,0,0,1,392.1627822,0,1,20100,NaN,0.0306362629661874,111,102.12303498888,119.288845660308,111.972803355738,1.06610973594735e-06,93.2464890672542,1.44034396511939e-07,1839.31528744884,0.000119375295818871,1.34307017796591e-05,6.15692627949158e-05,184.620492873594,1.26891060588475e-07,0,46.2759296894063,12,98.3399303579813,99.5008460303835,99.7988966603215,1.06235993949604e-06,97.8500958262646,2.36938658325597e-06,11558.7141282671,0.00010602234981783,0.000231844704221062,0.000169553825423499,194.326100548858,7.33486978289985e-07,5.14079467003305e-05,50,0,200,1,5000000,1e-13,0.001,1,2.92303498887982,20.588845660308,12.7728033557382,-3.89026405264873e-09,-5.6535109327458,-2.19596560348806e-06,-8189.68471255116,-0.860069642018658,0.800846030383539,0.598896660321529,-7.64006050396278e-09,-1.04990417373537,2.93865832559689e-08,1529.71412826711
Miller HDD,model,20221101_175555,0.4,98.7,99.2,2.35e-06,98.9,2.34e-06,1000.9,2,90,0,0,10,264.4697164,0,1,20100,NaN,0.72953281028273,111,16.664724148266,87.8443773871527,980338.344231874,3.81745885800884e-06,4942278.91368541,1.81229591129335e-06,162.184822205861,3.74240129603369,8.95687186774341,4.60552400406993,162.180381061833,1.22889279611686e-06,1,2.15651698769395,12,6.95599488075824e-10,99.1398361991525,106.599524390296,2.57082942766237e-06,133.28843934495,2.15672618496263e-06,532.13428235812,0.000274049194277385,0.000287466667288057,0.000280011545281522,165.348356312997,1.17282071286587e-06,0.0224453414797412,50,0,200,1,5000000,1e-13,0.001,1,16.264724148266,-10.8556226128473,980239.144231874,1.46745885800884e-06,4942180.01368541,-5.27704088706649e-07,-838.715177794139,-0.399999999304401,0.439836199152538,7.39952439029609,2.20829427662366e-07,34.3884393449499,-1.83273815037371e-07,-468.76571764188
Miller HDD,model,20221019_173501,0.35,0.28,988,2.35e-06,9790,9.2e-08,10029,3,90,0,0,10,5195.639468,0,1,20100,NaN,0.295222355367612,111,28.2376013850951,3.80387330392795e-09,951.009408808863,2.43676131325465e-06,9544.53252807693,9.24413142085138e-08,10183.7189001583,0.00231738293592661,0.00088230913040134,0.00218734975616356,5168.63971262457,8.90626222524769e-08,1,9.92265627282401,12,10.2307422259617,6.72206522331016e-13,926.922459159321,2.44633864599602e-06,9288.59156995972,9.20295746237455e-08,10548.375135031,0.00226756623368311,0.000854825131037102,0.00213937870897438,5189.63828618233,8.86930048792032e-08,0.0706099352712242,50,0,200,1,5000000,1e-13,0.001,1,27.8876013850951,-0.279999996196127,-36.9905911911371,8.67613132546468e-08,-245.467471923072,4.41314208513768e-10,154.718900158325,9.88074222596172,-0.279999999999328,-61.0775408406791,9.63386459960152e-08,-501.408430040279,2.95746237455307e-11,519.37513503095
Miller HDD,model,20221026_173548,0.4,98.7,99.2,1.07e-06,994,1.01e-06,10029,3,90,0,0,10,1084.849474,0,1,20100,NaN,0.67235224518054,111,16.0433018635715,199.999999999951,80.2531145576797,2.37534448516479e-06,839.128078854467,1.42266172385377e-06,8108.72853566911,0.000190628793081883,0.00119379539919719,0.000278195566404948,825.755638986596,8.89759387961698e-07,0,100.930396748559,12,8.85724741482546e-11,103.850459241979,101.819250990523,1.15246785391457e-06,1031.84110039308,1.01878230577812e-06,7356.4046029842,0.000117343413676237,0.0010512214554551,0.000201219296443389,982.285091099169,5.40754759328342e-07,0.0923006504082985,50,0,200,1,5000000,1e-13,0.001,1,15.6433018635715,101.299999999951,-18.9468854423203,1.30534448516479e-06,-154.871921145533,4.12661723853766e-07,-1920.27146433089,-0.399999999911428,5.15045924197891,2.61925099052303,8.24678539145661e-08,37.8411003930823,8.78230577811909e-09,-2672.5953970158
Miller HDD,model,20221025_175755,0.4,0.3,9837,2.35e-06,9790,2.34e-06,10029,3,90,1,0,10,6638.115127,0,1,20100,NaN,0.559935442393619,111,27.8256051265047,53.6284984510458,442882.850315929,2.36343328272578e-06,390960.532886687,2.42015307710001e-06,6637.134072801,1.04672406878513,0.946184336690374,0.993323965100063,6584.72173510263,1.19572845590221e-06,1,8.08946867654576,12,4.75013812047591,4.86161448883946e-10,3324.29654556296,2.35806297083001e-06,3319.91888635838,2.33559318474855e-06,4920161.16292305,0.00783890058815011,0.00775397992489664,0.00779641228078064,6635.2551431915,1.17338714667726e-06,0.0155489293519909,50,0,200,1,5000000,1e-13,0.001,1,27.4256051265047,53.3284984510458,433045.850315929,1.34332827257785e-08,381170.532886687,8.0153077100005e-08,-3391.865927199,4.35013812047591,-0.299999999513839,-6512.70345443705,8.06297083000685e-09,-6470.08111364162,-4.40681525145037e-09,4910132.16292305
Miller HDD,model,20221212_163928,99.2,98.7,99.2,1.07e-06,994,2.34e-06,10029,3,90,0,0,1,1183.649474,0,1,20100,NaN,0.0115675231317695,111,100.864318203526,104.369235751802,105.51578774406,1.12430441410582e-06,966.22760165426,2.38389012193215e-06,12300.1508724586,0.000118631865918499,0.00230338043512178,0.00033372576673706,985.844273669036,7.63987902979438e-07,1,8.31217259405717,12,97.8124471503131,99.3963541077683,99.6068253197396,1.05062695260629e-06,942.699349374539,2.3607601816382e-06,18377.1261557549,0.000104649615344465,0.00222548708725965,0.00030732507935443,986.362100566923,7.27058577014336e-07,8.28727941714519e-05,50,0,200,1,5000000,1e-13,0.001,1,1.6643182035257,5.66923575180155,6.3157877440597,5.4304414105816e-08,-27.7723983457399,4.38901219321455e-08,2271.15087245862,-1.38755284968688,0.6963541077683,0.406825319739553,-1.93730473937104e-08,-51.3006506254607,2.07601816382043e-08,8348.12615575488
Miller HDD,model,20221117_190007,0.4,98.7,9837,2.35e-06,994,2.34e-06,100.3,1,90,0,0,1,198.4796987,0,1,20100,NaN,0.350479293973311,111,18.4247143037955,81.223392178281,1269.32070639609,4.55422958610903e-06,1390.7251741226,1.58404377771371e-06,102.065954874773,0.00578077791532988,0.00220296955857872,0.00407351930599504,98.2943989909707,1.17526519439059e-06,1,1.61166398649439,12,8.52005326740181,89.9485246549475,1426.58094363075,4.31927176879526e-06,1613.46767674704,1.57221370931513e-06,102.438744580402,0.00616179079572559,0.00253671600091853,0.00446067898230162,99.0994482929371,1.15264958462323e-06,0.0479901626336196,50,0,200,1,5000000,1e-13,0.001,1,18.0247143037955,-17.476607821719,-8567.67929360391,2.20422958610903e-06,396.7251741226,-7.55956222286289e-07,1.76595487477341,8.12005326740181,-8.7514753450525,-8410.41905636925,1.96927176879526e-06,619.467676747042,-7.6778629068487e-07,2.13874458040152
Miller HDD,model,20221205_173009,99.2,0.28,9837,9.2e-08,994,2.34e-06,100.3,1,90,0,0,1,198.8596987,0,1,20100,NaN,1.16420049048872,111,52.5897381596512,46.4924034456211,8926.51158798371,8.94127265223941e-08,287.397930423326,1.99138475927969e-05,101.977554463614,0.00079814373941537,0.00572319858493537,0.00556957752245412,100.861244064719,8.90130598912276e-08,1,1.9436816557605,12,107.127543798576,2.01327485718583e-12,8620.0970111702,1.08399885135547e-07,432.791161587928,5.18336842999263e-06,92.7377461416923,0.000934417525868121,0.00224331604375471,0.00218074157037708,91.7973742485375,1.06179354228363e-07,0.00220659518967427,50,0,200,1,5000000,1e-13,0.001,1,-46.6102618403488,46.2124034456211,-910.488412016288,-2.5872734776059e-09,-706.602069576674,1.75738475927969e-05,1.67755446361421,7.92754379857574,-0.279999999997987,-1216.9029888298,1.6399885135547e-08,-561.208838412072,2.84336842999263e-06,-7.56225385830774
Miller HDD,model,20221214_155749,99.2,98.7,988,1.07e-06,994,2.34e-06,1000.9,2,90,0,0,1,862.9520634,0,1,NaN,NaN,NaN,NaN,NaN,NaN,NaN,NaN,NaN,NaN,NaN,NaN,NaN,NaN,NaN,NaN,NaN,NaN,NaN,100.482608117596,97.1795553520443,946.587322145276,1.1128503635972e-06,951.307767774496,2.1859621561621e-06,1019.45228699792,0.00105341004562587,0.00207952277921809,0.00156519033836654,663.209840970343,7.3743165630771e-07,0.00751568985121567,50,0,200,1,5000000,1e-13,0.001,1,NaN,NaN,NaN,NaN,NaN,NaN,NaN,1.28260811759633,-1.52044464795566,-41.4126778547244,4.28503635971994e-08,-42.692232225504,-1.54037843837899e-07,18.5522869979161
Miller HDD,model,20220930_171215,0.35,0.28,99.2,9.03e-08,994,2.34e-06,10029,3,90,0,0,10,986.379474,0,1,20100,NaN,0.170815965052345,111,16.8622988808459,20.7500180451877,72.5448883509038,3.59023691770785e-07,878.491595467438,2.45518315161816e-06,4999995.43749417,2.60453336348409e-05,0.00215685776402981,0.000188583314553402,950.855623975458,3.13221084348545e-07,1,1.90242332763176,12,103.896190204096,1.11487313938958e-10,4487.56981827124,2.99091825776475e-06,1945.39548288617,1.19412107704858e-05,1030.73019013984,0.0134219545024615,0.0232303774930947,0.0202642085668016,888.387201186919,2.39183476419822e-06,0.543828526374253,50,0,200,1,5000000,1e-13,0.001,1,16.5122988808459,20.4700180451877,-26.6551116490962,2.68723691770785e-07,-115.508404532562,1.15183151618161e-07,4989966.43749417,103.546190204096,-0.279999999888513,4388.36981827124,2.90061825776475e-06,951.395482886167,9.60121077048577e-06,-8998.26980986016
Miller HDD,model,20221018_180615,0.35,0.28,988,9.2e-08,994,9.2e-08,1000.9,2,90,0,0,10,665.6820634,0,1,20100,NaN,0.0496325067232058,111,8.86418907927536e-08,0.000313614125902154,337.506171584934,1.09273696782563e-07,328.538918417425,7.36707705103151e-08,4999988.20368536,3.68805470560156e-05,2.42037152624373e-05,3.04567943241073e-05,665.956378397868,4.40039404175812e-08,1,2.17571843933869,12,0.720108534942123,0.0174837099788979,650.353215207946,9.19387189498411e-08,654.806816849766,9.20654564739593e-08,1355.65892566259,5.97926414711289e-05,6.0285088495534e-05,6.0038024794074e-05,664.965138550061,4.60010220325323e-08,6.60705966630771e-06,50,0,200,1,5000000,1e-13,0.001,1,-0.349999911358109,-0.279686385874098,-650.493828415066,1.72736967825626e-08,-665.461081582574,-1.83292294896849e-08,4998987.30368536,0.370108534942123,-0.262516290021102,-337.646784792054,-6.12810501589386e-11,-339.193183150234,6.54564739593046e-11,354.758925662591
Miller HDD,model,20221018_171920,0.35,0.28,99.2,2.35e-06,9790,1.01e-06,10029,3,90,0,0,10,4979.934696,0,1,20100,NaN,0.287205396169919,111,8.13804393377262,0.0235032437204231,111.074407194011,3.50262067620995e-06,12870.0987383862,1.013714088683e-06,8058.30244039722,0.000389051515235508,0.0130466004138434,0.000497356806650619,4971.90240368761,7.86180854968257e-07,1,5.62072981591855,12,20.608924501858,5.41759854324222e-10,91.8616214109037,3.81784586717021e-06,11777.7233549853,1.01328031174819e-06,8529.09508769238,0.000350713511655173,0.0119341351928235,0.000440360445329294,4962.9102764033,8.00754918671753e-07,0.216462016888237,50,0,200,1,5000000,1e-13,0.001,1,7.78804393377262,-0.256496756279577,11.8744071940115,1.15262067620995e-06,3080.09873838624,3.71408868299965e-09,-1970.69755960278,20.258924501858,-0.27999999945824,-7.33837858909634,1.46784586717021e-06,1987.72335498534,3.28031174819318e-09,-1499.90491230762
Miller HDD,model,20221213_173708,99.2,98.7,988,9.2e-08,98.9,2.34e-06,1000.9,2,90,0,0,1,718.9643788,0,1,NaN,NaN,NaN,NaN,NaN,NaN,NaN,NaN,NaN,NaN,NaN,NaN,NaN,NaN,NaN,NaN,NaN,NaN,NaN,72.2214767423521,123.337293496662,807.329788797614,9.16550367013999e-08,100.652365338698,1.77839245084299e-06,1235.45187851971,7.39958414223788e-05,0.000178999406677832,0.000167359467320201,523.350959674764,8.71628268464694e-08,0.00551079815217091,50,0,200,1,5000000,1e-13,0.001,1,NaN,NaN,NaN,NaN,NaN,NaN,NaN,-26.9785232576479,24.6372934966617,-180.670211202386,-3.44963298600057e-10,1.75236533869827,-5.61607549157007e-07,234.551878519707
Miller HDD,model,20221026_164355,0.4,98.7,99.2,9.2e-08,9790,1.01e-06,100.3,1,90,1,0,10,198.3929336,0,1,20100,NaN,11.0841673045735,111,151.859596749238,0.136202352381506,434.423712020359,2.16474278298738e-07,705.435755102404,1.05078111814848e-12,48.6592086179234,9.40415595354658e-05,7.41258571528424e-10,5.82006839401583e-05,46.6670492756673,1.05077601760902e-12,0,20.8973672914927,12,4.93198333722267e-12,115.432951207829,48.3063573577548,1.78798187869572e-07,6373.91071861165,1.34961579231087e-06,83.1359948296368,8.63708915814651e-06,0.00860233056461781,7.32767646997738e-05,82.0735477093817,1.57881870432022e-07,0.253164975758137,50,0,200,1,5000000,1e-13,0.001,1,151.459596749238,-98.5637976476185,335.223712020359,1.24474278298738e-07,-9084.5642448976,-1.00999894921888e-06,-51.6407913820766,-0.399999999995068,16.7329512078289,-50.8936426422452,8.67981878695716e-08,-3416.08928138835,3.39615792310871e-07,-17.1640051703632
Miller HDD,model,20221101_175555,0.4,98.7,99.2,2.35e-06,98.9,2.34e-06,100.3,1,90,0,0,10,165.6865617,0,1,20100,NaN,0.482125463009146,111,22.1055125022865,74.6735982856536,17.0741301043312,1.11600588545366e-05,67.4161175241327,1.13989154570024e-06,389.662355278773,0.000190548296854351,7.68470624096926e-05,0.000167571092686741,69.4347530460251,1.03425268589363e-06,1,1.7175083014751,12,5.9676970068659e-15,99.0817959233445,46.2614494355593,2.96984563717088e-06,82.068819058015,1.9305987133169e-06,138.552682693571,0.000137389363775397,0.000158441956476841,0.000144978558937052,66.6228505473278,1.1700123000685e-06,0.035735702591945,50,0,200,1,5000000,1e-13,0.001,1,21.7055125022865,-24.0264017143464,-82.1258698956688,8.81005885453657e-06,-31.4838824758673,-1.20010845429976e-06,289.362355278773,-0.399999999999994,0.381795923344512,-52.9385505644407,6.19845637170885e-07,-16.831180941985,-4.09401286683105e-07,38.2526826935707
Miller HDD,model,20221201_115402,99.2,0.28,988,9.2e-08,9790,9.2e-08,100.3,1,90,0,0,1,198.8552149,0,1,20100,NaN,0.0623679580325845,111,6.03709355286214,103.915863781143,709.051330817478,6.73512994909075e-08,471.032201166798,4.78152476899842e-07,98.136463088212,4.77555285363145e-05,0.000225225213687489,0.000154387909232799,90.6019499178733,5.90356878683316e-08,1,2.2335522504454,12,106.370307267209,21.5210558865434,639.243509383928,1.30647998922937e-07,601.352961434819,3.7064144904356e-07,75.1820839051418,8.35158853254855e-05,0.000222886333012837,0.000155329449348664,70.8862654940369,9.65980110530374e-08,0.00621915170494356,50,0,200,1,5000000,1e-13,0.001,1,-93.1629064471379,103.635863781143,-278.948669182522,-2.46487005090926e-08,-9318.9677988332,3.86152476899842e-07,-2.16353691178797,7.17030726720901,21.2410558865434,-348.756490616072,3.86479989229366e-08,-9188.64703856518,2.7864144904356e-07,-25.1179160948582
Google Drive,Ussing,20211021_160529,NaN,NaN,NaN,NaN,NaN,NaN,NaN,,90,0,0,1,NaN,0,0,20100,NaN,0.385569551415511,103,2.36471941980524,5.65986555770287,4873.07832168557,1.66395816239279e-05,1278.72131806515,7.71726048292769e-06,275.753574402187,0.0810859844934806,0.00986822549658138,0.0246716443312447,263.923250908614,5.27211143199245e-06,NaN,NaN,NaN,NaN,NaN,NaN,NaN,NaN,NaN,NaN,NaN,NaN,NaN,NaN,NaN,NaN,50,0,200,1,5000000,1e-13,0.001,0.11408980317,NaN,NaN,NaN,NaN,NaN,NaN,NaN,NaN,NaN,NaN,NaN,NaN,NaN,NaN
Google Drive,Ussing,20211021_160529,NaN,NaN,NaN,NaN,NaN,NaN,NaN,,90,0,0,1,NaN,0,0,20100,NaN,0.490268457427575,103,3.76122411254465,4.60552790406689,5876.89808295709,1.58238480634804e-05,1621.7854579998,8.06684439922151e-06,270.5782300572,0.0929951423492723,0.0130826909386046,0.03036583816079,261.154866456036,5.34302303394109e-06,NaN,NaN,NaN,NaN,NaN,NaN,NaN,NaN,NaN,NaN,NaN,NaN,NaN,NaN,NaN,NaN,50,0,200,1,5000000,1e-13,0.001,0.11408980317,NaN,NaN,NaN,NaN,NaN,NaN,NaN,NaN,NaN,NaN,NaN,NaN,NaN,NaN
Google Drive,Ussing,20211021_160529,NaN,NaN,NaN,NaN,NaN,NaN,NaN,,90,0,0,1,NaN,0,0,20100,NaN,0.556835791108868,103,4.46148589160956,5.32939959194429,4750.89084437899,1.67649826793187e-05,1414.56239416604,7.82023984649235e-06,272.702106665316,0.0796486027173476,0.0110622172002069,0.0267982414551271,261.151214368965,5.33272316070839e-06,NaN,NaN,NaN,NaN,NaN,NaN,NaN,NaN,NaN,NaN,NaN,NaN,NaN,NaN,NaN,NaN,50,0,200,1,5000000,1e-13,0.001,0.11408980317,NaN,NaN,NaN,NaN,NaN,NaN,NaN,NaN,NaN,NaN,NaN,NaN,NaN,NaN
Google Drive,Ussing,20211021_160529,NaN,NaN,NaN,NaN,NaN,NaN,NaN,,90,0,0,1,NaN,0,0,20100,NaN,0.427981579811662,103,4.45716145647552,5.33487354324624,6721.2989829221,1.67673222215244e-05,1801.40547499624,7.94511660451501e-06,269.903794044977,0.112698185793859,0.0143123765508569,0.0351077398428006,261.618646344509,5.39073990767416e-06,NaN,NaN,NaN,NaN,NaN,NaN,NaN,NaN,NaN,NaN,NaN,NaN,NaN,NaN,NaN,NaN,50,0,200,1,5000000,1e-13,0.001,0.11408980317,NaN,NaN,NaN,NaN,NaN,NaN,NaN,NaN,NaN,NaN,NaN,NaN,NaN,NaN
Google Drive,Ussing,20211021_160529,NaN,NaN,NaN,NaN,NaN,NaN,NaN,,90,0,0,1,NaN,0,0,20100,NaN,0.458104220683317,103,4.44676586696221,5.48730924702019,6302.1084925089,1.71225314131355e-05,1741.46428489192,7.80837487815179e-06,272.222691855718,0.107908050631972,0.0135980059733487,0.0340164915176077,263.311314196763,5.3627871596235e-06,NaN,NaN,NaN,NaN,NaN,NaN,NaN,NaN,NaN,NaN,NaN,NaN,NaN,NaN,NaN,NaN,50,0,200,1,5000000,1e-13,0.001,0.11408980317,NaN,NaN,NaN,NaN,NaN,NaN,NaN,NaN,NaN,NaN,NaN,NaN,NaN,NaN
Google Drive,Ussing,20211021_160529,NaN,NaN,NaN,NaN,NaN,NaN,NaN,,90,0,0,1,NaN,0,0,20100,NaN,0.44155095040853,103,4.63672334491487,5.48012762377036,7248.4737971626,1.6965845961069e-05,1948.11457148506,7.86461626027857e-06,271.010805576714,0.122976489895506,0.015321173535787,0.0381258139188644,263.253098962,5.3736360936564e-06,NaN,NaN,NaN,NaN,NaN,NaN,NaN,NaN,NaN,NaN,NaN,NaN,NaN,NaN,NaN,NaN,50,0,200,1,5000000,1e-13,0.001,0.11408980317,NaN,NaN,NaN,NaN,NaN,NaN,NaN,NaN,NaN,NaN,NaN,NaN,NaN,NaN
Google Drive,Ussing,20211021_160529,NaN,NaN,NaN,NaN,NaN,NaN,NaN,,90,0,0,1,NaN,0,0,20100,NaN,0.650600509793488,103,4.22728764655418,5.20736605082333,4846.78736683652,1.64515467914165e-05,1480.27664878321,7.83811108553227e-06,268.764180855365,0.0797371491535575,0.0116025728104822,0.0275433033114541,257.812685037227,5.30880475687264e-06,NaN,NaN,NaN,NaN,NaN,NaN,NaN,NaN,NaN,NaN,NaN,NaN,NaN,NaN,NaN,NaN,50,0,200,1,5000000,1e-13,0.001,0.11408980317,NaN,NaN,NaN,NaN,NaN,NaN,NaN,NaN,NaN,NaN,NaN,NaN,NaN,NaN
Google Drive,Ussing,20211021_160529,NaN,NaN,NaN,NaN,NaN,NaN,NaN,,90,0,0,1,NaN,0,0,20100,NaN,0.62919021864563,103,4.53764539890481,5.21913341106126,4807.2909464781,1.65206799267771e-05,1548.246344047,7.78920196334115e-06,261.31054660108,0.0794197150416583,0.0120596034627866,0.0284689236696025,250.990949801252,5.29344046602264e-06,NaN,NaN,NaN,NaN,NaN,NaN,NaN,NaN,NaN,NaN,NaN,NaN,NaN,NaN,NaN,NaN,50,0,200,1,5000000,1e-13,0.001,0.11408980317,NaN,NaN,NaN,NaN,NaN,NaN,NaN,NaN,NaN,NaN,NaN,NaN,NaN,NaN
Google Drive,Ussing,20211021_160529,NaN,NaN,NaN,NaN,NaN,NaN,NaN,	,90,0,0,1,NaN,0,0,20100,NaN,0.374316567094061,103,2.49959967414988,4.98457562450804,3928.36950367683,1.97991014468504e-05,1334.5969600731,7.00078764596103e-06,270.968730839181,0.0777781863240111,0.00934322991041692,0.0266971472156855,257.700766811632,5.17201038893175e-06,NaN,NaN,NaN,NaN,NaN,NaN,NaN,NaN,NaN,NaN,NaN,NaN,NaN,NaN,NaN,NaN,50,0,200,1,5000000,1e-13,0.001,0.11408980317,NaN,NaN,NaN,NaN,NaN,NaN,NaN,NaN,NaN,NaN,NaN,NaN,NaN,NaN
Google Drive,Ussing,20211021_160529,NaN,NaN,NaN,NaN,NaN,NaN,NaN,
,90,0,0,1,NaN,0,0,20100,NaN,0.438336216903648,103,4.70361493797938,5.40729140645381,5747.58578679646,1.68818232925933e-05,1727.32764228983,7.73587018475485e-06,266.010837662057,0.0970297276117185,0.0133623824072928,0.0326965084141911,256.869582262152,5.30494839387123e-06,NaN,NaN,NaN,NaN,NaN,NaN,NaN,NaN,NaN,NaN,NaN,NaN,NaN,NaN,NaN,NaN,50,0,200,1,5000000,1e-13,0.001,0.11408980317,NaN,NaN,NaN,NaN,NaN,NaN,NaN,NaN,NaN,NaN,NaN,NaN,NaN,NaN
Google Drive,Ussing,20211021_160529,NaN,NaN,NaN,NaN,NaN,NaN,NaN,,90,0,0,1,NaN,0,0,20100,NaN,0.414605720325749,103,4.04713264395931,4.97372329090032,5211.68194281929,1.64823980767155e-05,1644.42872473004,7.8237982952427e-06,267.898166420508,0.0859010164307774,0.012865678653191,0.0303831040836579,257.823862858551,5.30543553589044e-06,NaN,NaN,NaN,NaN,NaN,NaN,NaN,NaN,NaN,NaN,NaN,NaN,NaN,NaN,NaN,NaN,50,0,200,1,5000000,1e-13,0.001,0.11408980317,NaN,NaN,NaN,NaN,NaN,NaN,NaN,NaN,NaN,NaN,NaN,NaN,NaN,NaN
Google Drive,Ussing,20211021_160529,NaN,NaN,NaN,NaN,NaN,NaN,NaN,,90,0,0,1,NaN,0,0,20100,NaN,0.711532894470586,103,5.08414096925176,5.88235174054869,2163.16076382793,1.94902213939694e-05,737.807697634044,7.52700800837161e-06,225.118110074887,0.0421604821977543,0.00555348444872967,0.0148637975684011,208.906734502273,5.42998137716637e-06,NaN,NaN,NaN,NaN,NaN,NaN,NaN,NaN,NaN,NaN,NaN,NaN,NaN,NaN,NaN,NaN,50,0,200,1,5000000,1e-13,0.001,0.11408980317,NaN,NaN,NaN,NaN,NaN,NaN,NaN,NaN,NaN,NaN,NaN,NaN,NaN,NaN
Google Drive,Ussing,20211021_160529,NaN,NaN,NaN,NaN,NaN,NaN,NaN,,90,0,0,1,NaN,0,0,20100,NaN,0.712091753199984,103,5.23325841410768,6.42049601818676,2115.97564724388,1.93198224709367e-05,748.199272689379,7.14583367157586e-06,225.625775517363,0.0408802738575771,0.00534650755583234,0.0146288799129994,209.149958597273,5.21642982128539e-06,NaN,NaN,NaN,NaN,NaN,NaN,NaN,NaN,NaN,NaN,NaN,NaN,NaN,NaN,NaN,NaN,50,0,200,1,5000000,1e-13,0.001,0.11408980317,NaN,NaN,NaN,NaN,NaN,NaN,NaN,NaN,NaN,NaN,NaN,NaN,NaN,NaN
Google Drive,Ussing,20211021_160529,NaN,NaN,NaN,NaN,NaN,NaN,NaN,,90,0,0,1,NaN,0,0,20100,NaN,0.662174377679246,103,6.52361225594451,7.12899749687679,2332.45324437712,1.91575108353457e-05,799.625215350135,7.02227868405733e-06,228.558597102115,0.0446839983020918,0.00561519110498801,0.015589527243163,213.014213276695,5.13867309280465e-06,NaN,NaN,NaN,NaN,NaN,NaN,NaN,NaN,NaN,NaN,NaN,NaN,NaN,NaN,NaN,NaN,50,0,200,1,5000000,1e-13,0.001,0.11408980317,NaN,NaN,NaN,NaN,NaN,NaN,NaN,NaN,NaN,NaN,NaN,NaN,NaN,NaN
Google Drive,Ussing,20211021_160529,NaN,NaN,NaN,NaN,NaN,NaN,NaN,,90,0,0,1,NaN,0,0,20100,NaN,0.404874673724705,103,3.65763416532824,4.73798949743248,7064.48122062644,1.41601813926826e-05,1618.8416401121,7.20487282617746e-06,245.420498106596,0.10003433552927,0.0116635481427282,0.0281386133551093,238.674731264589,4.77519528313774e-06,NaN,NaN,NaN,NaN,NaN,NaN,NaN,NaN,NaN,NaN,NaN,NaN,NaN,NaN,NaN,NaN,50,0,200,1,5000000,1e-13,0.001,0.11408980317,NaN,NaN,NaN,NaN,NaN,NaN,NaN,NaN,NaN,NaN,NaN,NaN,NaN,NaN
Google Drive,Ussing,20211021_160529,NaN,NaN,NaN,NaN,NaN,NaN,NaN,,90,0,0,1,NaN,0,0,20100,NaN,0.495522178153856,103,4.56616689268494,5.18562752650857,6155.16611547673,1.49928376805244e-05,1649.52336634614,7.39663790190393e-06,249.765002580753,0.0922834064660066,0.012200927051592,0.0291263821048221,242.019902445795,4.9530678392438e-06,NaN,NaN,NaN,NaN,NaN,NaN,NaN,NaN,NaN,NaN,NaN,NaN,NaN,NaN,NaN,NaN,50,0,200,1,5000000,1e-13,0.001,0.11408980317,NaN,NaN,NaN,NaN,NaN,NaN,NaN,NaN,NaN,NaN,NaN,NaN,NaN,NaN
Google Drive,Ussing,20211021_160529,NaN,NaN,NaN,NaN,NaN,NaN,NaN,,90,0,0,1,NaN,0,0,20100,NaN,0.432060819453123,103,4.17380829960115,4.94835575036494,5713.35736050874,1.53660109322303e-05,1558.3109152914,7.43227256788525e-06,257.762576055061,0.0877915116613158,0.0115817914679564,0.0279134548943312,248.938330647698,5.00934123083702e-06,NaN,NaN,NaN,NaN,NaN,NaN,NaN,NaN,NaN,NaN,NaN,NaN,NaN,NaN,NaN,NaN,50,0,200,1,5000000,1e-13,0.001,0.11408980317,NaN,NaN,NaN,NaN,NaN,NaN,NaN,NaN,NaN,NaN,NaN,NaN,NaN,NaN
Google Drive,Ussing,20211021_160529,NaN,NaN,NaN,NaN,NaN,NaN,NaN,,90,0,0,1,NaN,0,0,20100,NaN,0.359195713381061,103,2.72668864182719,5.07290092664308,4595.22571894793,1.94554736552218e-05,1395.27990745345,6.61788224105728e-06,266.994765812333,0.0894022929147893,0.00923379812084023,0.0279062603423604,255.602644277688,4.93814582620048e-06,NaN,NaN,NaN,NaN,NaN,NaN,NaN,NaN,NaN,NaN,NaN,NaN,NaN,NaN,NaN,NaN,50,0,200,1,5000000,1e-13,0.001,0.11408980317,NaN,NaN,NaN,NaN,NaN,NaN,NaN,NaN,NaN,NaN,NaN,NaN,NaN,NaN
Google Drive,Ussing,20211021_160529,NaN,NaN,NaN,NaN,NaN,NaN,NaN,,90,0,0,1,NaN,0,0,20100,NaN,0.609099929015991,103,4.3685288374632,5.14383911133555,4288.10338395278,1.66027115119503e-05,1507.15898932695,7.43105239259903e-06,263.843636748647,0.071194143417186,0.0111997774136652,0.0268023579712052,252.354571441399,5.1334289374939e-06,NaN,NaN,NaN,NaN,NaN,NaN,NaN,NaN,NaN,NaN,NaN,NaN,NaN,NaN,NaN,NaN,50,0,200,1,5000000,1e-13,0.001,0.11408980317,NaN,NaN,NaN,NaN,NaN,NaN,NaN,NaN,NaN,NaN,NaN,NaN,NaN,NaN
Google Drive,Ussing,20211021_160529,NaN,NaN,NaN,NaN,NaN,NaN,NaN,,90,0,0,1,NaN,0,0,20100,NaN,0.425677993384408,103,4.45645981502199,5.04078883563256,10187.328865006,1.51787174999827e-05,2217.00264587413,7.84233647091866e-06,260.046930977787,0.154630586921345,0.0173864807058618,0.0419158595235332,254.70719743923,5.17077150257099e-06,NaN,NaN,NaN,NaN,NaN,NaN,NaN,NaN,NaN,NaN,NaN,NaN,NaN,NaN,NaN,NaN,50,0,200,1,5000000,1e-13,0.001,0.11408980317,NaN,NaN,NaN,NaN,NaN,NaN,NaN,NaN,NaN,NaN,NaN,NaN,NaN,NaN
Google Drive,Ussing,20211021_160529,NaN,NaN,NaN,NaN,NaN,NaN,NaN,,90,0,0,1,NaN,0,0,20100,NaN,0.478355701044369,103,5.27129438561715,5.92561865575932,5590.02629505226,1.86083459348069e-05,1941.16935739908,7.21761816096365e-06,265.343695887292,0.104021143083,0.0140106192074698,0.0372108756944653,256.313115292309,5.20050035950262e-06,NaN,NaN,NaN,NaN,NaN,NaN,NaN,NaN,NaN,NaN,NaN,NaN,NaN,NaN,NaN,NaN,50,0,200,1,5000000,1e-13,0.001,0.11408980317,NaN,NaN,NaN,NaN,NaN,NaN,NaN,NaN,NaN,NaN,NaN,NaN,NaN,NaN
Google Drive,Ussing,20211021_160529,NaN,NaN,NaN,NaN,NaN,NaN,NaN,,90,0,0,1,NaN,0,0,20100,NaN,0.526115094718969,103,5.0405533827458,5.53876130288797,8075.94508028687,1.69945691142672e-05,2260.47598631115,7.62796077469804e-06,261.312497108754,0.137247206829961,0.0172428221557283,0.0434866282139727,254.869211784138,5.26484919182173e-06,NaN,NaN,NaN,NaN,NaN,NaN,NaN,NaN,NaN,NaN,NaN,NaN,NaN,NaN,NaN,NaN,50,0,200,1,5000000,1e-13,0.001,0.11408980317,NaN,NaN,NaN,NaN,NaN,NaN,NaN,NaN,NaN,NaN,NaN,NaN,NaN,NaN
Google Drive,Ussing,20211021_160529,NaN,NaN,NaN,NaN,NaN,NaN,NaN,,90,0,0,1,NaN,0,0,20100,NaN,0.280753025072904,103,2.9140072843307,5.07915129908431,4853.38306758399,2.20295378552261e-05,1586.19220069721,6.57349621712915e-06,268.308753481945,0.106917786013255,0.0104268284309228,0.0341944214752622,257.576667631702,5.06278751373413e-06,NaN,NaN,NaN,NaN,NaN,NaN,NaN,NaN,NaN,NaN,NaN,NaN,NaN,NaN,NaN,NaN,50,0,200,1,5000000,1e-13,0.001,0.11408980317,NaN,NaN,NaN,NaN,NaN,NaN,NaN,NaN,NaN,NaN,NaN,NaN,NaN,NaN
Google Drive,Ussing,20211021_160529,NaN,NaN,NaN,NaN,NaN,NaN,NaN,,90,0,0,1,NaN,0,0,20100,NaN,0.574233485100031,103,5.70303214213845,6.11054014064487,7001.84347947061,1.81478472465049e-05,2343.05612923462,7.45492459870617e-06,267.685783081575,0.127068385909369,0.0174673067739804,0.0449476961833731,260.231422413402,5.28422600761633e-06,NaN,NaN,NaN,NaN,NaN,NaN,NaN,NaN,NaN,NaN,NaN,NaN,NaN,NaN,NaN,NaN,50,0,200,1,5000000,1e-13,0.001,0.11408980317,NaN,NaN,NaN,NaN,NaN,NaN,NaN,NaN,NaN,NaN,NaN,NaN,NaN,NaN
Miller HDD,model,20221201_124416,99.2,0.28,988,1.07e-06,98.9,2.34e-06,10029,3,90,0,0,1,1080.10416,0,1,20100,NaN,0.363846621166785,111,103.101289924189,11.7569477266803,1228.45189932399,1.04888947206122e-06,93.906418088732,3.01063793087167e-06,3610.11057827218,0.00128851026413455,0.00028271822425023,0.00035414389349886,967.843862965709,7.77880308825611e-07,1,3.67894788912266,12,134.849741127685,1.25354134894524e-11,3409.87028968643,1.05807557152575e-06,302.351082419996,7.85770126090286e-06,1269.24406944453,0.00360790045558863,0.00237578448156694,0.00247613722486281,945.849171553089,9.32508956737051e-07,0.512533487091661,50,0,200,1,5000000,1e-13,0.001,1,3.90128992418893,11.4769477266803,240.451899323995,-2.11105279387817e-08,-4.99358191126801,6.70637930871675e-07,-6418.88942172782,35.6497411276849,-0.279999999987465,2421.87028968643,-1.19244284742543e-08,203.451082419996,5.51770126090286e-06,-8759.75593055547
Miller HDD,model,20221020_154145,0.4,0.28,9837,9.2e-08,994,1.01e-06,100.3,1,90,0,0,10,100.0596987,0,1,20100,NaN,1.7303430143403,111,3.39048884555709e-08,0.00218639536401485,1090.65563462387,1.06470629023072e-07,82.487987138553,2.91562109850741e-07,109.816980572992,0.000116122791465961,2.40503715674573e-05,3.05243176790113e-05,100.41702768261,7.7990572642176e-08,1,1.45431358751747,12,6.09457301795813e-12,2.34082223389457,9543.31405700098,9.56585286451921e-08,987.226974600362,1.0224194045549e-06,98.6464081516212,0.000912899381091693,0.00100936001553144,0.0010003169340772,97.7308994265778,8.74743459233555e-08,6.90883333696653e-05,50,0,200,1,5000000,1e-13,0.001,1,-0.399999966095112,-0.277813604635985,-8746.34436537613,1.44706290230718e-08,-911.512012861447,-7.18437890149259e-07,9.51698057299156,-0.399999999993905,2.06082223389457,-293.685942999018,3.65852864519213e-09,-6.77302539963762,1.24194045549006e-08,-1.65359184837877
Miller HDD,model,20221019_165517,0.35,0.28,988,2.35e-06,98.9,1.01e-06,10029,3,90,0,0,10,981.25416,0,1,20100,NaN,0.0247353985255506,111,0.116707905753889,0.0118695137657381,1137.83144161957,2.29858893202074e-06,100.095071621127,9.6618139848091e-07,4708.04659871794,0.00261540675821194,9.67099962799478e-05,0.000300364357084858,980.195436539027,6.80248116727799e-07,1,2.36554431397082,12,0.0154239173524635,0.00271003610119045,988.459773987443,2.34802798860805e-06,99.2166215545896,9.9022616299015e-07,10023.2480929774,0.0023209312149357,9.8246894466847e-05,0.000300997666629537,981.20101245022,6.96495425502486e-07,0.000649995885063984,50,0,200,1,5000000,1e-13,0.001,1,-0.233292094246111,-0.268130486234262,149.831441619567,-5.14110679792553e-08,1.19507162112738,-4.38186015190897e-08,-5320.95340128206,-0.334576082647537,-0.27728996389881,0.459773987443327,-1.97201139195131e-09,0.316621554589545,-1.977383700985e-08,-5.75190702261898
Miller HDD,model,20221018_174715,0.35,0.28,988,9.2e-08,98.9,1.01e-06,100.3,1,90,0,0,10,92.45620451,0,1,20100,NaN,1.03863939278222,111,5.40344575304968e-09,0.000156024293100787,1225.57844577856,1.07468125295218e-07,91.1508672784517,2.95913034912109e-07,99.8956480803987,0.000131710617970049,2.69727297712375e-05,3.42232324004152e-05,92.8513415213849,7.88366494262594e-08,1,1.53763145968515,12,3.74917571080043e-14,1.58866373939855,987.902472615497,9.42480858740481e-08,100.192613114051,1.01716141895918e-06,99.1543291451139,9.31079170742497e-05,0.000101912060524316,0.000101101368379795,90.8733556065795,8.62558007151634e-08,1.78367690770144e-05,50,0,200,1,5000000,1e-13,0.001,1,-0.349999994596554,-0.279843975706899,237.578445778558,1.54681252952183e-08,-7.74913272154826,-7.14086965087891e-07,-0.404351919601339,-0.349999999999963,1.30866373939855,-0.0975273845034508,2.24808587404806e-09,1.29261311405099,7.1614189591758e-09,-1.14567085488606
Miller HDD,model,20221004_170802,0.35,0.28,99.2,2.35e-06,98.9,1.01e-06,100.3,3,90,0,0,10,67.21656166,0,1,20100,NaN,0.441381651114781,111,0.000399089577182861,1.6838181049851e-08,123.170144384405,2.26530631933071e-06,109.164396480051,9.95471236460799e-07,94.5730222476007,0.000279018106426869,0.000108670016741493,0.000188709542215591,67.2134333414874,6.91567346770215e-07,1,1.46533780589899,12,4.21569010431072e-15,0.554565485638833,97.5963795348069,2.34976612076114e-06,96.5731031064422,1.00220609487157e-06,101.538122532848,0.000229328666139835,9.67861525339368e-05,0.000162708158702635,66.6726332890874,7.02556517851393e-07,0.00199928758895237,50,0,200,1,5000000,1e-13,0.001,1,-0.349600910422817,-0.279999983161819,23.9701443844053,-8.46936806692943e-08,10.2643964800507,-1.45287635392016e-08,-5.72697775239926,-0.349999999999996,0.274565485638833,-1.60362046519307,-2.33879238864335e-10,-2.32689689355776,-7.79390512843198e-09,1.23812253284783
Miller HDD,model,20221020_154145,0.4,0.28,9837,9.2e-08,994,1.01e-06,10029,3,90,1,0,10,5207.971419,0,1,20100,NaN,1.86383397308609,111,2.4077202952113e-13,67.6969804278213,7556.6891881989,9.15578050156996e-08,929.996369507944,1.25567454874796e-06,13167.994327508,0.00069187387525736,0.00116777277161913,0.00111562234812814,5160.66863493693,8.53355437733278e-08,1,11.2932113213992,12,8.70472018450161e-07,11.3221780080942,8412.05541878341,9.20876687145256e-08,838.44584675867,1.03473394920224e-06,11872.7015183811,0.000774646572613156,0.00086756838220881,0.000859146146149129,5199.42177067854,8.456195337996e-08,0.0249934634020221,50,0,200,1,5000000,1e-13,0.001,1,-0.399999999999759,67.4169804278213,-2280.3108118011,-4.42194984300447e-10,-64.003630492056,2.45674548747964e-07,3138.994327508,-0.399999129527982,11.0421780080942,-1424.94458121659,8.76687145256083e-11,-155.55415324133,2.4733949202235e-08,1843.70151838109
Miller HDD,model,20221209_152118,99.2,0.28,9837,2.35e-06,994,2.34e-06,1000.9,2,90,0,0,1,1015.710521,0,1,20100,NaN,0.788373410516728,111,111.203575661161,4.48312650770641,11174.5613297039,2.23018359375082e-06,894.378206984111,2.69238406813143e-06,972.999995949018,0.024921323344868,0.00240800963536798,0.00407637636200244,900.408876373004,1.21979243136027e-06,1,2.60024612337223,12,112.437189298779,9.24631628488107e-09,913.396054544874,1.32449298685858e-06,421.17765392375,1.3707985769164e-05,2824.77256435132,0.00120978666846898,0.00577349728627666,0.00433323743476144,906.360507039699,1.20779355885941e-06,0.596134899847526,50,0,200,1,5000000,1e-13,0.001,1,12.0035756611611,4.20312650770641,1337.56132970388,-1.19816406249179e-07,-99.6217930158887,3.52384068131432e-07,-27.9000040509823,13.2371892987792,-0.279999990753684,-8923.60394545513,-1.02550701314142e-06,-572.82234607625,1.1367985769164e-05,1823.87256435132
Miller HDD,model,20221117_173404,0.4,98.7,9837,1.07e-06,994,9.2e-08,1000.9,2,90,0,0,1,1015.330521,0,1,20100,NaN,0.00362031915323099,111,14.4922572634043,85.8500894964411,4901.22325851708,1.2474686403411e-06,931.451666956788,9.11675122400352e-08,1084.09374809026,0.0061141223143105,8.49181312482841e-05,0.00104775462710869,914.179253314651,8.49585694500091e-08,1,2.69904260082655,12,8.21236874720821,90.6523420525903,4621.93607738524,1.2666744227395e-06,925.528873517287,9.06959945186596e-08,1097.66832131203,0.00585448821276082,8.3941761639385e-05,0.00104668914332707,916.351304142495,8.46359218095869e-08,0.000213413300367418,50,0,200,1,5000000,1e-13,0.001,1,14.0922572634043,-12.8499105035589,-4935.77674148292,1.77468640341105e-07,-62.5483330432124,-8.32487759964826e-10,83.1937480902567,7.81236874720821,-8.04765794740972,-5215.06392261476,1.96674422739499e-07,-68.4711264827131,-1.30400548134042e-09,96.7683213120284
Miller HDD,model,20221212_160133,99.2,98.7,99.2,1.07e-06,98.9,2.34e-06,100.3,1,90,0,0,1,264.4865617,0,1,20100,NaN,0.277603293653928,111,113.573708749074,101.530818656897,50.9539382916159,2.01839389963396e-06,56.5287181904702,1.8673879539903e-07,98.9881583031912,0.000102845118210123,1.05561047403396e-05,5.90939787124011e-05,51.5303348115374,1.70925063288655e-07,1,11.3092162223754,12,98.3418385902609,99.7869073337368,67.6092539563681,1.09343137376913e-06,65.2287758555432,2.23822153986836e-06,132.304486376076,7.39260794330175e-05,0.000145996451139122,0.000110607021406541,66.2853606360664,7.34572813128339e-07,0.00303199525106566,50,0,200,1,5000000,1e-13,0.001,1,14.373708749074,2.83081865689741,-48.2460617083841,9.48393899633957e-07,-42.3712818095298,-2.15326120460097e-06,-1.31184169680883,-0.858161409739054,1.08690733373685,-31.590746043632,2.34313737691303e-08,-33.6712241444568,-1.01778460131638e-07,32.0044863760762
Miller HDD,model,20221103_163407,0.4,98.7,988,1.07e-06,98.9,1.01e-06,100.3,1,90,0,0,10,190.9262045,0,1,20100,NaN,0.221238168959215,111,22.7324894362118,77.9446639970559,120.878289462855,2.43396194831023e-06,95.4399566886387,6.78994918063963e-07,156.09287879084,0.000294213156929419,6.48032455718303e-05,0.000166019265918903,90.6679084358736,5.30893251851775e-07,1,1.66179558856853,12,5.48853990034893,93.4642684018577,138.724978029175,1.97179151764604e-06,90.917048650896,6.84078142154773e-07,152.577649600839,0.000273536734963561,6.21943657313001e-05,0.000145866438928312,91.6704263405512,5.07878642737689e-07,0.0327367237099621,50,0,200,1,5000000,1e-13,0.001,1,22.3324894362118,-20.7553360029441,-867.121710537145,1.36396194831023e-06,-3.46004331136133,-3.31005081936037e-07,55.7928787908398,5.08853990034893,-5.23573159814229,-849.275021970825,9.01791517646039e-07,-7.98295134910403,-3.25921857845227e-07,52.2776496008395
Miller HDD,model,20221212_170914,99.2,98.7,99.2,2.35e-06,98.9,2.34e-06,100.3,1,90,0,0,1,264.4865617,0,1,20100,NaN,0.34487476399893,111,111.23681549316,105.642497920667,49.470456556319,4.18443148833787e-06,49.7268726365334,2.19086134311679e-07,95.4128461966318,0.000207005736156712,1.08944682973473e-05,0.000109203567128754,48.634145128599,2.08186045255431e-07,0,13.3594094307429,12,99.1984287642245,98.7016843541532,66.3202618319219,2.34795920461697e-06,66.0687518746281,2.34203201108601e-06,133.966035582794,0.000155717269220869,0.000154735131822878,0.00015522526759954,66.5864280339446,1.17249593123444e-06,1.0508738449213e-07,50,0,200,1,5000000,1e-13,0.001,1,12.0368154931596,6.94249792066653,-49.729543443681,1.83443148833787e-06,-49.1731273634666,-2.12091386568832e-06,-4.88715380336819,-0.00157123577552909,0.00168435415316992,-32.8797381680781,-2.04079538303043e-09,-32.8312481253719,2.03201108600721e-09,33.6660355827937
Miller HDD,model,20221103_163407,0.4,98.7,988,1.07e-06,98.9,1.01e-06,10029,3,90,0,0,10,1079.72416,0,1,20100,NaN,0.0257012653865728,111,1.76865197317507e-10,101.635120179741,1008.15388357062,1.05893337094019e-06,97.1443408108081,1.00172303423379e-06,8457.75822853891,0.00106756779035587,9.73117238356444e-05,0.000182587248504604,977.547837166295,5.14767016338206e-07,1,3.81427806280434,12,3.93537051295492e-26,99.7736760463757,937.976936671466,1.07815357978088e-06,97.874615205865,1.00613975558869e-06,18159.0188794461,0.00101128319202424,9.84755414215661e-05,0.000184724094506021,979.951802964428,5.20451301570496e-07,0.00132376452258127,50,0,200,1,5000000,1e-13,0.001,1,-0.399999999823135,2.93512017974082,20.1538835706181,-1.10666290598149e-08,-1.75565918919192,-8.2769657662067e-09,-1571.24177146109,-0.4,1.07367604637567,-50.0230633285344,8.1535797808759e-09,-1.02538479413499,-3.86024441131017e-09,8130.01887944606
Miller HDD,model,20221003_185757,0.35,0.28,99.2,9.03e-08,9790,2.34e-06,100.3,1,90,0,0,10,99.92293358,0,1,20100,NaN,0.274311836993758,111,19.3710470160479,15.2571125567916,23.9298649222711,1.24590727069236e-06,525.270891608319,5.84917166633961e-06,74.771365144952,2.98143926933438e-05,0.00307239961634832,0.000162386412215874,65.811418295681,1.02712395045866e-06,1,1.55902462935976,12,0.0051412282238812,1.04171613733251e-08,64.0263869636637,8.32630295583371e-08,98.9308488091834,6.12111616343828e-06,258.800723018197,5.33103095026906e-06,0.000605567217708562,0.000241165630013737,99.9944388955895,8.2145636201874e-08,0.196697770677325,50,0,200,1,5000000,1e-13,0.001,1,19.0210470160479,14.9771125567916,-75.2701350777289,1.15560727069236e-06,-9264.72910839168,3.50917166633961e-06,-25.528634855048,-0.344858771776119,-0.279999989582839,-35.1736130363363,-7.03697044166289e-09,-9691.06915119082,3.78111616343828e-06,158.500723018197
Miller HDD,model,20221209_161946,99.2,98.7,99.2,9.2e-08,994,1.01e-06,10029,3,90,0,0,1,1183.649474,0,1,20100,NaN,0.0619045708460854,111,102.779211368648,101.25801257329,106.816276395817,2.40085852509567e-07,1011.77218366644,1.03587770704367e-06,8087.25629819041,2.56450767803871e-05,0.00104807224966695,0.00012327871720572,982.670445383289,1.9491119517419e-07,1,4.88516215048244,12,124.497906263879,99.8560402500729,73.6010091894616,2.12030268462427e-07,948.677306959926,1.02459143934075e-06,15602.2862478734,1.56056417375471e-05,0.000972006647407973,8.44636798032521e-05,959.416341530767,1.75675711154749e-07,0.00139710518423926,50,0,200,1,5000000,1e-13,0.001,1,3.57921136864807,2.55801257329017,7.61627639581664,1.48085852509567e-07,17.7721836664361,2.587770704367e-08,-1941.74370180959,25.2979062638791,1.15604025007285,-25.5989908105384,1.20030268462427e-07,-45.3226930400739,1.45914393407453e-08,5573.2862478734
Miller HDD,model,20221129_184504,99.2,0.28,988,9.2e-08,994,2.34e-06,1000.9,2,90,0,0,1,764.5320634,0,1,20100,NaN,1.90302413688261,111,87.9069233465002,35.1392139046684,907.923069381113,1.04160825570948e-07,562.573371246091,5.57233320459281e-06,1143.37747601182,9.45700164616458e-05,0.00313484627661431,0.00197171631727621,643.233974701652,1.02249526532145e-07,1,2.28343012056846,12,115.177878253477,7.07383474938905e-15,720.201450489056,9.48047354253614e-08,445.034401119687,3.93295100715278e-06,1472.06543685571,6.82785079665765e-05,0.00175029849610131,0.00110789056035387,650.401010472748,9.25732351970681e-08,0.384972290372105,50,0,200,1,5000000,1e-13,0.001,1,-11.2930766534998,34.8592139046684,-80.0769306188868,1.21608255709479e-08,-431.426628753909,3.23233320459281e-06,142.477476011817,15.9778782534767,-0.279999999999993,-267.798549510944,2.80473542536144e-09,-548.965598880313,1.59295100715278e-06,471.16543685571
Miller HDD,model,20221026_162033,0.4,98.7,99.2,9.2e-08,994,1.01e-06,10029,3,90,0,0,10,1084.849474,0,1,20100,NaN,0.00621409311521603,111,7.68158256941091e-12,102.398862980174,99.7831145100802,9.26884305674441e-08,961.649349339907,1.02391443399538e-06,13330.838076687,9.24874028107089e-06,0.000984646649231395,0.000100943920668392,983.151634418565,8.49944281304904e-08,1,3.02020701442892,12,32.7139587397508,99.9780379630817,66.6929520350295,3.15633135134681e-07,1007.48042348803,1.01950848337001e-06,8369.81832733301,2.10505055422033e-05,0.00102713483857526,8.35159656766022e-05,951.995330795038,2.41016124763509e-07,0.00414417996879182,50,0,200,1,5000000,1e-13,0.001,1,-0.399999999992318,3.69886298017448,0.583114510080208,6.88430567444098e-10,-32.3506506600934,1.39144339953788e-08,3301.83807668699,32.3139587397508,1.2780379630817,-32.5070479649705,2.23633135134681e-07,13.4804234880287,9.50848337001474e-09,-1659.18167266699
Miller HDD,model,20221018_182244,0.35,0.28,988,9.2e-08,994,2.34e-06,10029,3,90,0,0,10,1655.569472,0,1,20100,NaN,0.648031126722216,111,0.000437838023365837,25.4536302084128,913.513432452726,9.58010364990134e-08,724.889825601331,3.18503316711737e-06,4889706.21344889,8.75155336847426e-05,0.00230879813704617,0.00132602106366903,1637.85445901282,9.30036264427025e-08,1,3.00611356618067,12,6.52591109484571e-06,1.08028529044093e-08,902.326477913652,8.96475202836243e-08,754.612558915966,2.79048424295769e-06,4992961.42900689,8.08913312312154e-05,0.00210573445519299,0.00118356893358164,1656.38935579906,8.68571347896084e-08,0.30915015319011,50,0,200,1,5000000,1e-13,0.001,1,-0.349562161976634,25.1736302084128,-74.486567547274,3.80103649901336e-09,-269.110174398669,8.45033167117372e-07,4879677.21344889,-0.349993474088905,-0.279999989197147,-85.6735220863476,-2.35247971637573e-09,-239.387441084034,4.50484242957694e-07,4982932.42900689
Miller HDD,model,20221212_173122,99.2,98.7,99.2,2.35e-06,994,2.34e-06,1000.9,2,90,0,0,1,720.4079414,0,1,20100,NaN,0.00866456731760554,111,118.729234400114,83.9957511051854,120.625411219979,1.53115397657068e-06,815.057093300027,9.28503904608154e-08,1173.62071176371,0.000184696078064945,7.56783693607648e-05,0.000170641838641662,520.615698332067,8.75417871197515e-08,0,262.586854038593,12,100.157037508023,101.037760438779,90.5071743352981,2.44267718998709e-06,649.317419912788,2.48349647341e-06,1730.4143233788,0.000221079810279018,0.00161257752247709,0.000391310060806277,518.250710706422,1.23145885661461e-06,0.00958314332811797,50,0,200,1,5000000,1e-13,0.001,1,19.5292344001139,-14.7042488948146,21.4254112199791,-8.18846023429316e-07,-178.942906699973,-2.24714960953918e-06,172.720711763713,0.957037508022665,2.33776043877877,-8.69282566470186,9.26771899870929e-08,-344.682580087212,1.43496473409999e-07,729.514323378797
Miller HDD,model,20221122_152415,99.2,0.28,99.2,1.07e-06,9790,2.34e-06,1000.9,2,90,0,0,1,1008.388117,0,1,20100,NaN,0.488411891509378,111,36.1186344188037,8.39076887205749,157.138533612468,2.21113436675498e-07,809.103741880377,2.90052133466576e-06,4999999.99999952,3.47454412012011e-05,0.00234682266528193,0.00041075509613533,966.055586743168,2.05451402049505e-07,1,2.97174480949771,12,163.695370954052,3.53594029135936e-11,544.368033425753,3.17824649490042e-06,304.566229192084,1.1114658860286e-05,959885.680396285,0.00173013579417123,0.0033851497378337,0.00279139191902776,848.184118539285,2.47151469116106e-06,0.677827726661478,50,0,200,1,5000000,1e-13,0.001,1,-63.0813655811963,8.11076887205749,57.9385336124685,-8.48886563324502e-07,-8980.89625811962,5.60521334665761e-07,4998999.09999952,64.4953709540523,-0.279999999964641,445.168033425753,2.10824649490042e-06,-9485.43377080792,8.77465886028603e-06,958884.780396285
Miller HDD,model,20220930_163721,0.35,0.28,99.2,9.03e-08,98.9,2.34e-06,100.3,1,90,0,0,10,67.21656166,0,1,20100,NaN,0.706034131511745,111,14.4118287768699,15.9119073541699,28.10696998239,7.20478183245639e-07,21.4920863304684,9.6533028792654e-06,147.067190845443,2.02504586694521e-05,0.000207469618855331,0.000126344479537115,37.0902174924078,6.70439647690957e-07,1,1.55461836749467,12,4.40326434006713e-09,0.000248611454695455,83.7324211913641,8.6790160347288e-08,52.50343189482,4.00258973276614e-06,133.135402650412,7.26715026146515e-06,0.000210149697437193,0.000131961542432579,67.3338924246152,8.4948186226519e-08,0.210546352322407,50,0,200,1,5000000,1e-13,0.001,1,14.0618287768699,15.6319073541699,-71.0930300176099,6.30178183245639e-07,-77.4079136695316,7.3133028792654e-06,46.7671908454432,-0.349999995596736,-0.279751388545305,-15.4675788086359,-3.509839652712e-09,-46.39656810518,1.66258973276614e-06,32.8354026504117
Miller HDD,model,20220930_172942,0.35,0.28,99.2,9.03e-08,9790,9.2e-08,100.3,1,90,0,0,10,99.92293358,0,1,20100,NaN,0.774553586491157,111,35.4041295565053,1.87231599992046,99.384130610218,6.25195786929384e-07,3567.91765031695,2.89469886712105e-07,63.8555516753463,6.21345397451479e-05,0.00103280471803537,8.84397683686427e-05,62.7627187775926,1.97859566430246e-07,1,1.52475061218736,12,36.2650854625844,2.3895349691354e-11,12.5292017392314,3.57622597275023e-07,3744.39438930382,2.1259238052205e-07,64.7876654636895,4.48072566776667e-06,0.000796029716835506,7.12051238593952e-06,63.6893507783274,1.33331887522309e-07,0.0103813127530516,50,0,200,1,5000000,1e-13,0.001,1,35.0541295565053,1.59231599992046,0.184130610217963,5.34895786929384e-07,-6222.08234968305,1.97469886712105e-07,-36.4444483246537,35.9150854625844,-0.279999999976105,-86.6707982607686,2.67322597275023e-07,-6045.60561069618,1.2059238052205e-07,-35.5123345363105
Miller HDD,model,20221108_163943,0.4,98.7,988,2.35e-06,9790,9.2e-08,10029,3,90,0,0,10,5294.109468,0,1,20100,NaN,0.269956545314696,111,25.6681890690621,29.5539763640844,962.082214018903,2.40305226395488e-06,9761.52867921718,9.08844435573529e-08,10163.48109733,0.00231193384250885,0.000887171102279796,0.00218410946458072,5218.01774309959,8.75724180132207e-08,0,16.9743249445313,12,1.09286337826243e-09,189.844734738308,961.729988860699,2.41374475360274e-06,9531.73185551054,9.44929615826021e-08,10028.2558471602,0.00232137071499494,0.000900681572038422,0.00219116398494779,5127.79298884876,9.09331236395739e-08,0.0568813105584779,50,0,200,1,5000000,1e-13,0.001,1,25.2681890690621,-69.1460236359156,-25.9177859810973,5.30522639548824e-08,-28.471320782819,-1.11555644264708e-09,134.481097330037,-0.399999998907137,91.1447347383081,-26.2700111393011,6.37447536027427e-08,-258.268144489459,2.49296158260207e-09,-0.744152839777598
Miller HDD,model,20221214_154238,99.2,98.7,988,1.07e-06,98.9,1.01e-06,10029,3,90,0,0,1,1178.52416,0,1,NaN,NaN,NaN,NaN,NaN,NaN,NaN,NaN,NaN,NaN,NaN,NaN,NaN,NaN,NaN,NaN,NaN,NaN,NaN,99.9023396493973,97.9233877799719,936.868308286893,1.07893333382026e-06,98.7579438262883,9.97128355279541e-07,18465.5633065644,0.00101081844721053,9.84743460982961e-05,0.000185476029672884,980.62849257452,5.18209562970626e-07,1.16404267766981e-05,50,0,200,1,5000000,1e-13,0.001,1,NaN,NaN,NaN,NaN,NaN,NaN,NaN,0.70233964939726,-0.776612220028071,-51.1316917131072,8.93333382026155e-09,-0.142056173711723,-1.28716447204595e-08,8436.56330656436
Miller HDD,model,20221110_180135,0.4,98.7,9837,9.2e-08,9790,1.01e-06,1000.9,2,90,0,0,1,1051.434668,0,1,NaN,NaN,NaN,NaN,NaN,NaN,NaN,NaN,NaN,NaN,NaN,NaN,NaN,NaN,NaN,NaN,NaN,NaN,NaN,9.04243166275154e-09,113.785316918837,15528.4615024836,1.04293179765189e-07,18559.4400318046,5.22586125895548e-07,955.26727588183,0.00161951262695535,0.0096989058650115,0.00530001336808732,929.226949069094,8.69420449497411e-08,0.0844335240325379,50,0,200,1,5000000,1e-13,0.001,1,NaN,NaN,NaN,NaN,NaN,NaN,NaN,-0.399999990957568,15.085316918837,5691.46150248361,1.22931797651895e-08,8769.44003180458,-4.87413874104452e-07,-45.6327241181701
Miller HDD,model,20221004_161325,0.35,0.28,99.2,1.07e-06,9790,9.2e-08,100.3,1,90,0,0,10,99.92293358,0,1,20100,NaN,0.282054617058547,111,33.5894115818562,1.34722339618152e-11,62.9195005625393,1.7858801888627e-06,2510.27242746,2.33235508088686e-07,68.7336333214925,0.000112366689547774,0.000585484665059652,0.000123935335633666,66.9454253497395,2.06293613517947e-07,1,1.47185789466165,12,5.31375053534652,2.10056199180338e-11,87.5937913304414,1.19675170735765e-06,6798.78651456166,1.0224748066626e-07,95.959543237173,0.000104828019328636,0.000695158792701671,0.000112336943942418,94.6407541009731,9.41993252871167e-08,0.000572595519170044,50,0,200,1,5000000,1e-13,0.001,1,33.2394115818562,-0.279999999986528,-36.2804994374607,7.15880188862695e-07,-7279.72757254,1.41235508088686e-07,-31.5663666785075,4.96375053534652,-0.279999999978994,-11.6062086695586,1.26751707357653e-07,-2991.21348543834,1.02474806662598e-08,-4.34045676282703
Miller HDD,model,20221213_164601,99.2,98.7,99.2,2.35e-06,9790,2.34e-06,100.3,1,90,0,0,1,297.1929336,0,1,NaN,NaN,NaN,NaN,NaN,NaN,NaN,NaN,NaN,NaN,NaN,NaN,NaN,NaN,NaN,NaN,NaN,NaN,NaN,93.8539436426852,106.822743529792,66.3849078518228,1.95416963139484e-06,206.303610756102,3.24176307371989e-06,147.724214077087,0.000129727370906977,0.000668787427324212,0.000260959343395373,95.8170244795654,1.21921420279455e-06,0.198025658648608,50,0,200,1,5000000,1e-13,0.001,1,NaN,NaN,NaN,NaN,NaN,NaN,NaN,-5.34605635731484,8.1227435297922,-32.8150921481772,-3.95830368605163e-07,-9583.6963892439,9.0176307371989e-07,47.4242140770867
Miller HDD,model,20221206_170803,99.2,0.28,9837,1.07e-06,98.9,2.34e-06,100.3,1,90,0,0,1,198.7776196,0,1,NaN,NaN,NaN,NaN,NaN,NaN,NaN,NaN,NaN,NaN,NaN,NaN,NaN,NaN,NaN,NaN,NaN,NaN,NaN,102.133255159585,8.69681893499773e-12,8346.64405284869,9.90312501736009e-07,54.2716743562845,3.94060251267495e-06,97.3589695833777,0.00826578595307657,0.000213863096335451,0.000265880203685767,96.2435938987203,7.91420643282069e-07,0.0636357990825474,50,0,200,1,5000000,1e-13,0.001,1,NaN,NaN,NaN,NaN,NaN,NaN,NaN,2.93325515958487,-0.279999999991303,-1490.35594715131,-7.9687498263991e-08,-44.6283256437155,1.60060251267495e-06,-2.94103041662227
Miller HDD,model,20221212_173122,99.2,98.7,99.2,2.35e-06,994,2.34e-06,100.3,1,90,0,0,1,289.7709342,0,1,20100,NaN,0.0487460062288579,111,97.5335590739543,111.426559285447,484.073463833634,3.41669633037231e-07,833.621031207618,1.7548096141281e-07,86.8095924919568,0.000165393202751099,0.000146284620010251,0.000158373398182496,81.4440649612715,1.15936279169698e-07,0,28.5484252955617,12,95.596272227618,104.56443537021,66.2700469735847,2.06238265249153e-06,167.949000784716,3.00556413434709e-06,143.650839256958,0.00013667419525812,0.000504781493157972,0.000240826646378646,89.0406034897581,1.22310347609132e-06,0.113961854875514,50,0,200,1,5000000,1e-13,0.001,1,-1.66644092604567,12.7265592854467,384.873463833635,-2.00833036696277e-06,-160.378968792382,-2.16451903858719e-06,-13.4904075080431,-3.60372777238204,5.86443537020969,-32.9299530264153,-2.87617347508474e-07,-826.050999215284,6.65564134347085e-07,43.3508392569576
Miller HDD,model,20221204_145233,99.2,0.28,9837,9.2e-08,98.9,2.34e-06,1000.9,2,90,0,0,1,1008.780921,0,1,20100,NaN,1.13514658806071,111,1.19425297660544e-12,101.349535218336,59318.2021295315,9.09590136969851e-08,62.5762501978348,2.63221967362616e-06,921.031172447269,0.00539552515998059,0.000164714436872494,0.000170226734445516,906.963627427984,8.79208207898347e-08,1,2.72859894245508,12,131.343976774395,1.75740607198324e-10,9467.44467171055,9.8342789507533e-08,89.4696824780085,3.04746310684326e-06,970.310890912357,0.000931054918524246,0.000272655556532711,0.000278819343261143,880.875811572596,9.52684408138193e-08,0.157029186930299,50,0,200,1,5000000,1e-13,0.001,1,-99.1999999999988,101.069535218336,49481.2021295315,-1.0409863030149e-09,-36.3237498021652,2.92219673626159e-07,-79.8688275527314,32.1439767743948,-0.279999999824259,-369.555328289445,6.342789507533e-09,-9.43031752199154,7.07463106843258e-07,-30.5891090876431
Miller HDD,model,20221108_161955,0.4,98.7,988,2.35e-06,994,1.01e-06,1000.9,2,90,0,0,10,764.1520634,0,1,20100,NaN,0.326550565761243,111,17.5179287083095,91.4124324850572,804.286617954817,2.70021562860658e-06,954.303992393801,9.90814835045782e-07,1047.64466562705,0.00217174729568073,0.000945538552807194,0.00161094407240133,656.530151882221,7.24841945627966e-07,1,3.4981790636994,12,0.0185472223001779,100.040798294606,868.937213231426,2.56230431261898e-06,1031.18212987374,9.84348950382995e-07,1018.79902625681,0.002226481568858,0.00101504304719492,0.00167248267566488,663.204479044893,7.11149744182622e-07,0.00919399133900938,50,0,200,1,5000000,1e-13,0.001,1,17.1179287083095,-7.28756751494278,-183.713382045183,3.50215628606582e-07,-39.6960076061994,-1.91851649542185e-08,46.7446656270541,-0.381452777699822,1.34079829460609,-119.062786768574,2.12304312618982e-07,37.1821298737436,-2.56510496170046e-08,17.8990262568137
Miller HDD,model,20221117_172636,0.4,98.7,9837,1.07e-06,98.9,2.34e-06,1000.9,2,90,0,0,1,1008.400921,0,1,20100,NaN,0.00658704647647392,111,3.09639894077199,96.0128596592915,1910.71194489973,1.15420217461877e-06,110.400860632626,1.90117906616548e-06,1645.80296775731,0.00220534788187333,0.000209891805121402,0.0003188911977456,907.125677046384,7.18190248476044e-07,1,3.3846244383576,12,10.3604266566928,88.5209567125949,1654.79276055232,1.18216139107434e-06,110.688977584286,1.9313240013225e-06,1874.001894994,0.00195623211175427,0.00021377627909038,0.000323021620142114,909.061959429499,7.33305726628461e-07,0.00121701428378265,50,0,200,1,5000000,1e-13,0.001,1,2.69639894077199,-2.68714034070848,-7926.28805510027,8.42021746187735e-08,11.5008606326262,-4.38820933834519e-07,644.90296775731,9.96042665669283,-10.1790432874052,-8182.20723944768,1.12161391074337e-07,11.7889775842857,-4.08675998677495e-07,873.101894993997
Miller HDD,model,20220930_171215,0.35,0.28,99.2,9.03e-08,994,2.34e-06,100.3,1,90,0,0,10,92.50093423,0,1,20100,NaN,0.373749098257879,111,18.1768192666288,15.5847768864282,24.9320580396848,1.14658488814205e-06,252.72039451576,5.85069801753668e-06,74.9853401517707,2.8586720978583e-05,0.00147859071118444,0.000158791166532212,59.0403638787789,9.58703831532377e-07,1,1.50882407595826,12,0.000978701652523035,7.06032788393332e-11,65.5983138084747,8.39914482614594e-08,86.8706156846412,5.85249129023329e-06,235.678775071153,5.50969738028348e-06,0.000508409521671566,0.000221877586875932,92.5773619598921,8.28031076746482e-08,0.200813236796906,50,0,200,1,5000000,1e-13,0.001,1,17.8268192666288,15.3047768864282,-74.2679419603152,1.05628488814205e-06,-741.27960548424,3.51069801753668e-06,-25.3146598482293,-0.349021298347477,-0.279999999929397,-33.6016861915253,-6.30855173854061e-09,-907.129384315359,3.51249129023329e-06,135.378775071153
Miller HDD,model,20221214_171101,99.2,98.7,988,2.35e-06,994,1.01e-06,1000.9,2,90,0,0,1,862.9520634,0,1,NaN,NaN,NaN,NaN,NaN,NaN,NaN,NaN,NaN,NaN,NaN,NaN,NaN,NaN,NaN,NaN,NaN,NaN,NaN,98.4328275546434,99.0220030576918,939.112277428004,2.20082939432399e-06,943.926335219629,1.04488398172572e-06,1024.38452285916,0.0020668259047341,0.000986293507600057,0.00152794091666658,663.458850273674,7.08507226056748e-07,0.00807587244478444,50,0,200,1,5000000,1e-13,0.001,1,NaN,NaN,NaN,NaN,NaN,NaN,NaN,-0.767172445356593,0.322003057691759,-48.8877225719959,-1.49170605676006e-07,-50.0736647803714,3.48839817257248e-08,23.484522859157
